{
	"pages": [ //pages数组中第一项表示应用启动页,
		{
			"path": "pages/main/main",
			"style": {
				"navigationBarTitleText": "首页"
			}
		}, {
			"path": "pages/login/login",
			"style": {
				"navigationBarTitleText": "登录"
			}
		},  
		{
			"path": "pages/user/user",
			"style": {
				"navigationBarTitleText": "我的"
			}
		},
		
		{
			"path": "pages/report/report",
			"style": {
				"navigationBarTitleText": "提交日报"
			}
		},
		
		{
			"path": "pages/report/history",
			"style": {
				"navigationBarTitleText": "查看日报",
				"enablePullDownRefresh":true
			}
		},
		
		{
			"path": "pages/support/create",
			"style": {
				"navigationBarTitleText": "创建工单"
			}
		},
		
		{
			"path": "pages/support/list",
			"style": {
				"navigationBarTitleText": "工作清单",
				         "enablePullDownRefresh": true
			}
		},
		
		
		{
			"path": "pages/report/person",
			"style": {
				"navigationBarTitleText": "售后人员",
				         "enablePullDownRefresh": true
				
			}
		},
		{
			"path": "pages/machine/fillMachine",
			"style": {
				"navigationBarTitleText": "选择项目",
				         "enablePullDownRefresh": true
				
			}
		},
		{
			"path": "pages/project/fillProject",
			"style": {
				"navigationBarTitleText": "选择项目",
				         "enablePullDownRefresh": true
				
			}
		},
		{
			"path": "pages/user/fillUser",
			"style": {
				"navigationBarTitleText": "选择人员",
				         "enablePullDownRefresh": true
				
			}
		},{
			"path": "pages/support/attachment",
			"style": {
				"navigationBarTitleText": "工单附件"
				
			}
		},
		{
			"path": "pages/support/media",
			"style": {
				"navigationBarTitleText": "预览"
			}
		},
		{
			"path": "pages/support/checkByDisporer",
			"style": {
				"navigationBarTitleText": "技术处理"
			}
		},
		{
			"path": "pages/support/checkByPmc",
			"style": {
				"navigationBarTitleText": "PMC跟进"
			}
		},
		{
			"path": "pages/support/checkBySite",
			"style": {
				"navigationBarTitleText": "现场人员处理"
			}
		}
		,
		{
			"path": "pages/support/checkByPrincipal",
			"style": {
				"navigationBarTitleText": "负责人审核"
			}
		},
		{
			"path": "pages/support/workfolw",
			"style": {
				"navigationBarTitleText": "工单详情"
			}
		},
		{
			"path": "pages/support/supportReport",
			"style": {
				"navigationBarTitleText": "工单汇总",
				  "enablePullDownRefresh": true
				
			}
		}
		   
		
	],
	"tabBar": {
		"color": "#7a7e83",
		"selectedColor": "#0faeff",
		"backgroundColor": "#ffffff",
		"list": [{
			"pagePath": "pages/main/main",
			"text": "首页",
			"iconPath": "static/img/home.png",
			"selectedIconPath": "static/img/homeHL.png"
		}, {
			"pagePath": "pages/user/user",
			"text": "我的",
			"iconPath": "static/img/user.png",
			"selectedIconPath": "static/img/userHL.png"
		}]
	},
	"globalStyle": {
		"navigationBarTextStyle": "white",
		"navigationBarBackgroundColor": "#0faeff",
		"backgroundColor": "#fbf9fe"
	}
}
